quarter,year,risk
Q1,2025,"{'risk': 'Supply Constraints', 'severity': 'medium', 'description': 'Demand exceeding supply for H200 and Blackwell well into next year'}"
Q1,2025,"{'risk': 'China Market Decline', 'severity': 'medium', 'description': 'Significantly lower revenue due to export controls, increased competition'}"
Q1,2025,"{'risk': 'Competitive Pressure', 'severity': 'low', 'description': ""Cloud customers developing internal chips, though Jensen expressed confidence in NVIDIA's advantages""}"
Q1,2025,"{'risk': 'Rapid Product Transitions', 'severity': 'low', 'description': 'One-year product cycles creating potential customer timing decisions'}"
Q2,2025,"{'risk': 'Blackwell Production Ramp', 'severity': 'medium', 'description': 'Mask change executed but production complexity remains'}"
Q2,2025,"{'risk': 'China Market Competition', 'severity': 'medium', 'description': 'Remains very competitive with export control constraints'}"
Q2,2025,"{'risk': 'Gross Margin Pressure', 'severity': 'low', 'description': 'New product mix and inventory provisions impacting margins'}"
Q2,2025,"{'risk': 'Supply-Demand Imbalance', 'severity': 'low', 'description': 'Blackwell demand well above supply, continuing into next year'}"
Q2,2025,"{'risk': 'Liquid Cooling Adoption', 'severity': 'low', 'description': 'Customer readiness for liquid cooling infrastructure'}"
Q3,2025,"{'risk': 'Supply Chain Constraints', 'severity': 'medium', 'description': 'Demand exceeding supply for both Hopper and Blackwell, complex 7-chip Blackwell system'}"
Q3,2025,"{'risk': 'Gross Margin Pressure', 'severity': 'medium', 'description': 'Expected decline to low 70s during Blackwell ramp before recovering to mid-70s'}"
Q3,2025,"{'risk': 'China Export Controls', 'severity': 'medium', 'description': 'Ongoing compliance requirements and competitive market conditions in China'}"
Q3,2025,"{'risk': 'Execution Risk', 'severity': 'low', 'description': 'Complex integration of Blackwell systems across diverse customer data centers'}"
Q3,2025,"{'risk': 'Gaming Supply Constraints', 'severity': 'low', 'description': 'Q4 gaming revenue expected to decline due to supply allocation priorities'}"
Q4,2025,"{'risk': 'Gross Margin Pressure', 'description': 'Margins compressed to low 70s during Blackwell ramp, complex manufacturing with 1.5M components across 350 plants', 'severity': 'medium'}"
Q4,2025,"{'risk': 'China Revenue Constraints', 'description': 'China remains at ~50% of pre-export control levels, competitive market conditions', 'severity': 'medium'}"
Q4,2025,"{'risk': 'Supply Chain Complexity', 'description': 'Manufacturing complexity of Grace Blackwell systems with liquid cooling and multiple configurations', 'severity': 'medium'}"
Q4,2025,"{'risk': 'Competitive Threats', 'description': ""Custom ASIC development by hyperscalers, though management expressed confidence in NVIDIA's advantages"", 'severity': 'low'}"
